{"cameraMode":{"drawMode":0,"name":"Shaded","section":"Shading Mode"},"sceneLighting":false,"audioPlay":false,"sceneViewState":{"m_AlwaysRefresh":false,"showFog":true,"showSkybox":false,"showFlares":true,"showImageEffects":true,"showParticleSystems":true,"showVisualEffectGraphs":true,"m_FxEnabled":true},"in2DMode":false,"pivot":{"x":0.3566325604915619,"y":-0.2929682433605194,"z":8.76810359954834},"rotation":{"x":0.2599641978740692,"y":0.053558383136987689,"z":-0.01444539800286293,"w":0.9640328884124756},"size":3.2705769538879396,"orthographic":false}